,1961,1962,1963,1964,1965,1966,1967,1968,1969,1970,1971,1972,1973,1974,1975,1976,1977,1978,1979,1980,1981,1982,1983,1984,1985,1986,1987,1988,1989,1990,1991,1992,1993,1994,1995,1996,1997,1998,1999,2000,2001,2002,2003,2004,2005,2006,2007,2008,2009,2010,2011,2012,2013,2014,2015,2016,2017,2018,2019,2020
20,276300,294400,321000,335200,333400,341900,425500,389800,366100,354100,347400,340000,344600,347000,338100,350500,360700,368400,375000,387600,402799,409620,419417,430490,429404,416862,413057,399252,395719,383003,383487,371128,348503,323803,312489,300513,289399,294544,315346,327634,326366,317079,329009,343435,356820,351999,352192,363396,361547,377378,391614,379105,371910,375776,367210,373173,372227,365272,364369,358862
21,284000,280100,292500,322600,337800,337800,342600,429100,391200,369000,355500,348200,341300,345200,347800,340200,352000,361600,369600,376200,389098,399713,408782,420256,430476,428487,416998,413084,399972,396608,382670,382866,370499,347370,324108,312776,301561,291021,295413,314415,328247,330054,320737,335933,349649,362081,360124,354610,364755,371264,387925,395786,382934,378275,383113,374818,378237,379090,371626,372800
22,288100,286300,277900,294000,325000,339800,339400,343000,432500,393100,369600,356400,348700,341800,345300,349200,341800,351500,363000,370900,378399,383466,398272,409094,419703,428461,427114,415704,412522,399759,395386,381827,382462,369772,348386,324954,313722,303354,293684,297357,317041,333455,334337,330817,345101,356323,371861,365381,355441,375503,382973,392853,399816,389014,385653,390705,379254,384953,385032,380425
23,292600,294900,291600,279300,296300,327800,342400,339500,344200,433600,396200,370200,357500,348600,342300,346500,348900,340400,351200,361100,369099,371671,380975,400373,408518,418102,427253,425383,413654,411968,398597,394111,380705,381283,370650,349138,325967,314903,307029,297420,303075,323222,339045,345278,342246,353673,366860,377720,368025,365626,386756,387022,396916,405559,395818,393014,394683,385545,389905,392652
24,292000,300700,299700,297900,281600,299900,329800,343400,340100,344300,435200,396800,369600,357600,347800,341900,345800,347900,339900,350100,356999,362296,368588,383086,400643,407278,416933,425466,422760,414861,410699,397213,392443,379101,381628,370881,349550,326503,318488,310979,304482,308981,329083,350813,356763,352170,365413,372506,380328,379524,375340,389328,389408,400763,411283,402062,394783,398777,388132,395417
25,291700,298800,302200,303500,300900,286700,302000,329400,342600,339500,345800,435800,396300,369000,357200,347000,340300,344500,347000,338400,347705,350295,359376,371049,383475,400421,406569,415537,423827,424686,413096,410269,396651,391824,380858,383341,371715,351102,331249,325109,317573,311594,314522,335086,360085,363825,361385,372309,372073,382955,385830,378222,391983,393300,405948,417030,404149,398344,401477,392703
26,289200,295900,298700,302100,302700,303400,286700,300000,328500,342800,340700,345000,434300,395500,368700,356900,345800,338900,343700,344500,335804,342118,348163,361119,370905,382668,400041,405024,414145,423778,421976,412078,409172,396082,393641,382103,383767,372633,355029,336914,331340,323600,317014,319456,344005,367605,372470,369315,373041,374388,388744,387569,380756,395587,397787,411124,418059,406516,399460,404559
27,282500,292500,295100,298700,301500,304900,303300,284100,298300,327900,342800,341000,343800,433400,395500,368300,355700,344600,338000,343100,341605,332086,341310,349633,361483,370208,381992,399164,404148,413591,421759,419822,411066,408601,397640,394283,382514,384705,376256,360360,342807,336643,328392,321618,326962,351224,376389,380055,371352,376282,379580,390186,389805,383485,399930,402765,411787,419212,407271,402925
28,287300,285500,290700,294800,298000,303400,304600,301700,281500,296700,326300,342100,340400,342600,433300,394700,366700,354800,344100,336300,340805,338222,331744,342657,349800,360945,369536,380784,398475,403784,412151,418678,417763,410491,410299,399112,394354,383046,387723,380973,365262,348022,341242,332623,329247,333402,360047,384633,382088,375988,382535,380237,391796,392176,387025,404393,403210,412432,419256,409830
29,295200,290300,283500,289800,293500,299700,302900,303500,299300,279200,297900,325700,342100,338800,341900,432600,393300,365400,354000,343100,334206,337355,337517,332852,342562,349253,360324,368137,380340,398504,401832,410169,416712,417008,411861,411063,399581,395124,385889,392258,384910,369781,352349,344845,339243,335100,340599,367826,387293,386365,383017,383457,382003,394195,396008,391582,405227,404407,412201,421276
30,302200,299100,288400,283700,289400,297300,300400,302900,302400,297700,279800,297700,325600,341000,337900,341100,431300,392100,365300,352300,341119,330887,336284,338411,333123,342373,348986,359730,368292,379493,398020,399833,408229,415220,417567,412975,411501,399717,397314,389667,395591,385184,370562,353321,347723,341378,336893,345684,373022,388308,388036,382785,384615,383515,396594,399290,391180,405599,403707,413717
31,298400,305000,297500,287200,282400,292800,296600,299300,301100,300000,298400,279200,297400,324500,339800,336800,339800,430000,391800,364200,350319,338240,329848,336413,338453,332590,341922,348095,359533,366692,378627,395457,398133,407126,415196,417689,413229,411806,401848,400734,393097,396108,385969,371690,355866,349257,342657,341135,349402,374061,390576,387979,383889,386452,386313,399829,399062,391440,404660,405041
32,298000,301300,303500,296700,285600,285600,291800,294900,297700,298600,300800,297300,278200,296300,323200,338800,335800,338600,429700,390700,363219,347863,337254,329915,336382,337993,332203,341063,348008,358840,366139,376952,393099,396893,407108,415302,417470,413206,413245,404392,403056,393630,397184,386884,374208,357456,350291,346425,344890,349817,376381,389892,388526,385095,388578,388869,399643,399827,391092,405609
33,296400,300100,300400,302900,295500,289600,284900,289400,293000,295300,300100,299100,296800,276800,295200,321900,337700,334500,338400,428600,388221,360875,347498,337396,330184,336093,337746,331633,341387,347482,358581,365860,375733,391690,397042,407267,414821,417222,414369,415842,406759,403126,393848,398050,388983,375712,358490,353626,349562,345178,351295,375288,389872,389438,386367,390254,388083,399528,399077,391589
34,302000,298600,299600,300200,301600,298200,288700,282600,287400,291000,296000,298900,298600,295700,275300,293700,320800,336700,333900,337600,426222,385683,359724,347176,337698,329729,335819,337062,331529,340660,347425,358702,365073,374668,390960,396970,406484,413701,417444,416472,417582,406532,403262,394021,400234,390295,376780,361619,356390,349679,346680,350572,375438,390681,390743,387989,389410,387477,398283,399035
35,309300,305100,299000,300100,299700,303200,296400,284800,279500,285000,290200,295200,298100,297500,294200,273700,292700,320000,336300,333000,334311,423202,384829,359979,347061,337219,329176,334897,336641,330558,339842,347186,358450,364655,374016,389610,395811,405531,413540,417746,417048,418007,408023,403570,397354,402105,393517,377788,361484,356835,350452,345802,350384,375609,391686,391988,387387,388951,385617,397360
36,312900,311400,305100,298600,299000,299900,301700,293900,282300,278100,287200,289500,294000,296900,295900,292700,272300,291900,319700,335400,330911,332779,422435,385174,359779,346474,336603,328276,334273,335621,330028,339139,346924,358310,364623,373499,388306,394862,405556,413485,417934,417442,419182,407642,406323,398275,404942,394358,377751,362088,357400,349719,345608,350437,376282,392781,391861,387242,387931,385378
37,317900,314700,311100,304600,297600,298800,298500,299100,291600,280100,276900,286400,288600,292300,295500,293900,291400,271100,291900,319600,333211,328733,331189,422532,384957,359204,346030,335913,327308,333919,335168,329384,338282,346744,358425,364549,372737,387311,394984,405801,413528,418196,418437,418758,409825,407064,400415,406160,394381,378268,362691,356752,349479,345551,351122,377270,392246,391396,386129,387466
38,322300,318500,313400,310500,303800,296900,297500,296100,297100,290100,280100,276100,285000,287000,291000,293700,292600,290100,271000,291400,317710,331207,327596,331087,422376,384509,358952,345538,335340,327267,333196,334224,328785,337695,347069,358740,364239,372251,387148,395040,405901,413878,419159,417894,420409,409885,408689,400716,406342,394828,379017,361989,356870,349753,346302,352172,377387,391859,389897,385262
39,342400,323100,316200,312100,309900,302700,295500,295300,294400,295900,289900,278900,275900,283400,286300,289500,292600,291000,290100,270500,289809,315624,329943,328210,330947,422099,384459,358577,344771,335789,326953,332788,333676,328618,337723,347350,358815,364292,372819,387034,395276,406753,415206,418627,419203,420201,410777,408823,400023,406933,395495,378444,362122,356716,349937,346731,352227,377286,390952,389232
40,364600,343600,321700,315200,311300,309700,303100,294900,294100,293400,293400,289600,278600,274700,282400,285300,288900,291500,291100,288800,268893,289200,315779,330903,328138,330735,422163,384054,357911,345508,335546,326539,331665,333076,328775,337505,347513,358880,364533,372156,385494,397769,406404,413560,419564,417521,419348,410123,409583,398083,405691,394462,378605,361909,357070,350339,346452,352101,376940,390310
41,351200,363800,341200,320100,313600,311200,308700,301900,292900,292700,293400,293200,288400,277300,274100,281500,284900,288000,291100,290200,287292,268347,288730,315304,330555,327403,330071,421415,383851,358245,344874,334812,326181,331286,332863,328796,337116,347381,359522,365000,371967,387363,397689,404791,414393,417855,416521,418383,410182,407629,396139,404656,394475,378349,361981,357150,350257,346424,351931,376308
42,273100,359000,360000,339600,318500,313800,310400,307400,300000,291500,291200,293200,292600,286900,275900,273100,280700,284000,287200,290700,288292,286344,267323,288005,314703,329904,326659,329161,421112,382819,357474,343785,333715,325853,330957,332797,328670,336718,347923,360026,364895,373687,387208,396771,405591,413199,416866,415342,418115,407789,405713,395357,404688,394397,378828,362762,357502,350575,346480,351700
43,252400,268200,362600,357100,337700,318300,312500,308600,305600,298800,290800,290100,292300,291200,286100,274900,272700,280000,283400,286500,288892,287244,285218,266449,287480,313818,329161,325647,328529,419675,382195,356535,343017,332843,325840,330485,332323,328499,336825,348749,360201,366354,373474,385828,397834,404488,412490,415738,414866,415628,405426,404697,395228,404660,394896,379290,362962,357469,350755,346250
44,280500,251800,261100,364000,354400,337600,316900,310400,306400,304200,298200,289600,289700,290700,290200,284700,274100,272300,279100,282300,284594,287569,286118,284223,265668,286735,312740,328030,324583,327566,419180,381468,355659,342323,332386,325820,330100,331705,328610,336777,348641,361341,366111,372347,386460,397219,404101,411754,415295,412373,413171,404505,404613,395330,405438,395756,379709,363192,357752,350990
45,295200,280400,249000,259400,367600,355600,335800,315000,308200,304600,303900,296400,288900,288000,289600,289000,283600,273200,271300,278300,280293,283114,286307,285358,283161,264769,285797,311646,327470,323467,326544,416241,380550,354566,341437,331251,325231,329188,331276,328065,336262,346222,360873,366017,371965,386452,395115,403440,411528,415041,411181,412350,404101,404612,395897,405864,395755,379234,362929,357795
46,319300,295000,277900,247400,257300,365200,352700,333000,312700,306200,304000,302800,294900,287000,287200,288100,287700,282400,272200,269800,276093,278770,281746,285069,284399,281816,263559,284614,310465,325989,322340,326460,413561,379902,353735,340432,330050,324693,328619,330475,327721,333961,345889,360416,365463,371988,384214,394935,403243,411547,414054,410463,411749,403988,404902,396365,405783,395517,378695,362732
47,324100,319300,293000,276200,245200,256700,363600,348600,330300,310400,307300,302300,301300,292900,285800,285800,286700,286500,281200,270700,267293,274571,277456,280547,283996,283272,280415,262286,283616,308960,324844,321767,325975,411525,379200,352690,339407,328977,324404,327702,329911,325078,333616,345348,359465,365291,370003,383644,395226,403356,410980,413073,409890,411595,404319,405100,396081,405365,394915,378169
48,318400,323100,318700,291700,274400,244600,252800,362100,345100,327700,307800,305300,300700,299500,291500,284100,284200,285100,285300,279500,268493,265875,273160,276030,279393,282748,281998,279016,261156,282429,307765,323167,321041,325434,409366,378374,351472,338207,328017,323852,326768,327539,324387,333268,344460,358886,363091,369522,383490,395704,402826,410012,412294,409558,411737,404496,404785,395535,404794,394361
49,314100,318500,320700,317900,290000,272700,241900,246600,361100,341800,326900,306600,303900,299000,297800,289900,282100,282300,283700,283700,277791,267156,264666,271978,274738,278025,281314,280698,277442,260148,281382,306692,321551,320342,324754,407040,377230,350321,337341,326839,323232,324806,326871,323517,332518,343792,356490,362480,369375,383477,395504,401718,409131,412066,409599,412008,404069,404530,394940,404120
50,314300,313300,317700,319100,316000,287200,269900,239100,242800,361900,340200,324800,305600,301800,296400,295600,287800,280100,280700,281900,281894,276494,265929,263408,270697,273492,276547,279874,279518,276274,258997,279676,305415,319675,319702,324259,404217,376089,348982,336271,324788,322094,324030,325062,322881,331427,342685,356250,361987,368268,382183,394601,400964,408716,411852,409622,411482,403737,404023,394340
51,314000,312700,311700,316500,316200,312000,284400,267000,236900,238700,355800,337300,322900,303200,299100,294000,293200,285600,278400,278900,280194,280256,274906,264249,262241,269267,271880,274964,278415,278277,274873,258355,278099,304100,318172,318942,323373,401509,375081,347910,334543,323733,320718,322491,324562,321320,330480,342653,355386,360623,367041,381162,393563,400303,408357,411470,408723,410877,403097,403388
52,314800,312700,310700,309700,314100,313100,309100,281600,264800,234100,241300,352800,334500,320100,300600,296300,291300,290700,283500,276700,277194,278337,278529,273179,262832,260796,267680,270305,273466,276998,276860,273423,257343,276484,302886,316501,317895,322463,399169,374220,346118,333182,322481,318501,322151,323042,319933,330564,341750,353500,359204,365826,380153,393040,399787,408082,410685,408088,410430,402558
53,312500,313300,310800,308100,306600,309100,309400,306800,279400,261700,231600,238900,349400,331200,317000,297400,293300,288700,288100,281300,275094,274623,275990,276431,271451,261011,258881,265896,268554,271877,275374,275266,271792,256297,274901,301470,314591,316619,321531,396612,372400,344498,331499,320479,317588,320883,321757,319610,329930,340055,351677,358135,364894,379530,392314,399246,407247,410161,407359,409863
54,304200,310100,310700,308100,304600,302100,305700,306000,304400,276200,258600,228500,236500,345800,328300,313400,294400,290400,285900,285300,279393,272461,272163,273867,274417,269411,258845,257197,264085,266931,270148,273937,273678,270306,255402,273046,299827,312344,315734,320930,393046,370101,342664,329006,319715,315592,319799,321370,318474,328389,338310,350379,356922,364115,378702,391494,398115,406510,409311,406607
55,295700,301400,306700,308000,305000,301500,298900,303100,303000,300000,275400,255300,226100,233500,341900,324800,309700,291200,287300,283200,282606,276415,269861,269824,271469,272108,266780,256666,255300,262125,264732,268476,272258,271992,268517,254108,271121,298040,310369,314421,319684,391421,366732,340397,327499,317903,313202,317906,319953,316973,327115,337129,349091,355810,363081,377767,390196,396937,405400,408245
56,290200,293200,297700,303100,304600,301000,297700,295200,299500,297800,293100,271900,252200,222900,230700,338100,320400,305800,287600,283500,280106,279358,273429,266992,267058,268668,269300,264217,254295,253097,259811,262583,266393,270279,270099,266715,252449,269082,296264,308080,312635,316798,389192,363627,338425,325112,315427,310651,316552,318239,315134,325676,335740,347888,354517,361717,376135,388635,395372,404048
57,285100,287000,290200,293800,298900,299600,296700,293300,291300,294700,294600,288800,268600,248400,219800,227400,333400,315900,301700,283500,280206,276277,276215,270150,264054,263939,265480,266404,261498,251740,250683,257467,260308,264293,268103,268001,264672,250691,267061,294097,305725,309694,313515,387349,360903,335989,322545,313059,308782,315146,316474,313644,324098,334470,346705,353194,360087,374426,386992,393763
58,277100,280900,283300,286200,289500,294000,295200,291900,288700,285900,290900,290500,284400,264300,244300,216000,223800,327800,311200,297300,279406,276059,272454,272843,266679,260801,260082,262244,263509,258593,248977,248125,254989,257905,262139,266067,265769,262391,249193,264620,291858,303510,306471,310600,385885,357834,333094,319871,311206,306648,313535,314333,311644,322384,333033,345189,351191,357968,372260,384799
59,267300,272800,275500,279000,281700,283500,288400,289500,287000,282800,282500,285700,286100,279400,259800,240000,212300,219800,322700,306200,292209,274944,271819,268605,269317,262859,256688,256487,258977,260394,255486,246573,245387,252249,255451,259949,263816,263314,260145,247493,262092,289006,301078,303486,307913,384002,354190,330051,317593,309190,304309,311378,312148,309897,320716,331589,343250,348931,355455,369819
60,255900,261400,267600,270500,274000,273200,278300,282400,284400,281400,276700,277100,280400,280400,274000,254700,235400,208000,216000,317400,301098,286980,270388,267571,264343,265255,258382,252919,252833,255440,257061,251965,243512,242500,249314,252657,257305,261028,260701,257592,245115,259489,286036,298443,300034,304158,379685,350980,327495,315565,306833,301948,309038,310034,308234,319153,329565,341131,346521,352973
61,240100,250100,255000,261800,264400,264900,267400,272100,276200,277900,276100,270600,271400,274500,274400,268300,249900,230300,204000,212100,311398,295273,281960,265835,262964,259721,260478,254200,248991,248913,251524,253195,248292,240795,239550,246393,249726,254696,258543,258011,254742,242059,256582,282765,295650,296256,298977,377626,347736,325086,312732,304215,299450,306940,308188,306384,316966,327219,338742,343949
62,215900,234000,243600,248600,255600,256100,258700,261300,265400,269100,271200,269300,264300,265000,268200,268100,262500,244300,225300,199700,206098,304766,289246,276471,260802,257767,254476,255892,249825,244818,244746,247283,248928,244412,237308,236136,243020,246444,251662,255503,254696,251564,238608,253345,279413,292677,291305,295633,375483,344496,322062,309976,301456,297110,304930,306127,304096,314633,324648,336161
63,201600,210100,227000,236800,241500,246500,248800,252000,254500,258000,262500,263900,262500,257400,258600,261300,261500,256000,238500,220200,193998,201426,297731,282638,270702,255355,251868,249279,251335,245131,240338,240369,242713,244599,240436,233691,232575,239482,243124,248498,252130,251326,247984,234830,250000,275676,288381,287979,292423,373340,340526,319163,307226,299244,294950,302639,303501,301744,312135,322134
64,192500,195300,203600,220300,229700,232900,238900,241100,244500,246700,250500,254900,256400,255000,250300,251100,254400,254300,249300,232700,214198,189294,196551,290238,275582,264389,248735,246170,244107,246280,240166,235323,235628,238129,240080,236076,229851,228844,235826,239557,245047,248545,247568,244035,230879,246429,270859,285693,284431,289249,370535,337027,316060,304443,296646,292301,299835,300853,299092,309187
65,179200,185800,188500,196500,212400,219500,225000,230600,233300,236500,239000,242000,246600,248100,246900,242500,243400,246800,247000,242300,226505,208235,184088,191482,282104,268079,256678,242474,240249,238269,240779,234746,230003,230594,233245,235192,231404,226062,225129,231989,236230,240664,243800,242803,239858,226195,242570,267698,282923,281409,285263,366461,333363,312914,301356,293444,288956,296655,297830,295926
66,171500,172700,178600,181100,189900,202700,211400,215800,222600,224000,228500,230200,233600,237900,239100,238400,234400,235500,238900,239400,235006,219678,202170,178918,186072,273606,262385,249624,236202,233848,232118,234310,228942,224499,225319,228143,230076,226751,221825,220813,228182,231667,235621,238980,238510,235276,221991,239422,264120,280346,277372,281872,362289,329910,309482,298042,289965,285760,293332,294040
67,164000,165000,165900,171200,174200,180400,194600,202300,207200,213300,215500,219000,221200,224600,229100,229900,229700,226000,227100,230800,230906,227018,212657,195926,173433,180293,267480,254277,242196,229454,227191,225377,227410,222782,218714,219690,222694,224736,221531,217392,216647,223530,226713,230650,234488,233894,231014,218153,235913,260731,276947,273717,278365,358049,325837,305838,294012,286256,282145,289269
68,157600,156100,158000,158500,163800,164900,172800,185200,193300,197100,203900,206100,209600,211700,215400,219500,220600,220700,217300,218600,222205,222043,218735,205198,189265,167438,173280,258317,246011,234446,222378,220139,218470,220530,216441,212676,213856,217072,219229,216191,212719,211757,218516,221517,225744,229669,229352,226990,213979,232593,256753,272892,269719,274541,353348,321579,301731,290138,282360,277960
69,147800,150200,148200,150900,151300,154700,157300,164200,176500,183100,188900,194100,196500,199700,201800,205500,209900,211100,211400,208800,209806,212992,213185,210213,197320,182040,159782,166836,248929,237182,226409,214678,212714,211390,213409,209938,206355,207932,211126,213363,211081,207344,206247,212989,216427,220440,224771,225085,222655,209951,228564,252346,268449,265492,270523,348241,316721,297174,285697,277833
70,137100,140000,142200,140400,143800,142300,147400,148700,155200,165900,174000,178700,184100,186500,189900,191900,195500,199900,201600,202100,199109,200406,203484,204167,201278,189273,173257,153439,160254,239021,227783,218002,206707,204896,204130,205840,203033,199802,201648,204830,207508,205381,201562,200775,207837,211213,215511,220151,220470,218362,205293,224297,247788,263763,261077,265988,342389,311407,292274,280574
71,128300,130000,131600,134600,132700,133900,134700,138300,139600,146600,158900,163900,168600,173800,176400,179500,181900,185200,189800,191900,192709,189284,190812,194036,194669,191904,179836,165815,146998,153274,228781,218433,209244,198647,197066,196331,198249,196140,192870,195125,198637,200991,199280,195551,195198,202399,205955,210482,215268,215878,213326,200748,219739,242951,258815,256203,261018,336190,305799,286766
72,120300,120600,122100,123900,126700,124000,126500,126000,129100,130700,135100,148600,153800,158200,163300,165900,169100,171500,174900,179500,181408,181963,179266,181127,184151,184671,182059,171300,158456,140241,146082,218191,208855,199986,190344,188735,188453,190404,188691,185725,188619,191897,194064,192798,189534,189324,196974,200678,205043,210306,210743,208210,196033,214787,237729,253538,250823,255554,329666,299409
73,112000,112500,112300,114800,115500,117200,115900,118000,117100,119900,122300,125600,138400,142800,148000,152800,155400,158300,161000,164400,169108,170183,171027,169024,171072,173801,174808,172199,162767,150536,133355,139699,207521,199106,190747,181587,180301,180406,182328,180903,178649,181466,184709,187068,186380,183274,183727,191519,195002,199612,204846,205492,202883,191355,209777,232113,247530,245020,249941,321844
74,102900,103600,104300,104900,106800,106900,109000,106500,109000,108000,111800,113200,116200,127900,132300,137200,142000,144700,147200,150600,153107,157817,159164,160249,158502,160688,163638,164843,162451,153737,142501,126261,133032,196098,189017,181100,172798,171841,171980,173877,173347,171154,173905,177346,180201,179695,177131,178003,185674,189149,193751,199403,199948,197747,186225,204353,226153,241234,239106,243321
75,94700,94300,95300,96600,96700,97000,98400,99800,98000,100600,101100,102800,104100,106900,117700,122000,126800,131200,133900,136700,138481,142096,146533,148251,149388,147710,149984,153269,154908,152451,144722,134096,119018,125915,184904,178728,171323,163777,162843,163238,165622,165258,163385,166314,170327,173077,173180,170751,171994,179778,183057,187953,193453,194301,191900,180829,198416,219625,234760,231914
76,86000,88300,85600,87500,89000,87500,89200,89500,91500,89300,92500,92300,93900,95100,97500,107800,111700,116300,120400,123700,126683,127636,131291,135552,137137,138016,137118,139612,143048,144504,142647,135499,125741,111354,119014,173377,168285,161797,154628,153875,154920,157080,156858,155486,158593,162894,165914,166362,164076,165735,173479,176899,181474,187466,187969,185826,175091,192021,212840,226838
77,77700,77300,82900,77800,79700,79400,80000,81200,81400,82800,82300,84300,83500,85300,86600,88600,98000,101500,105800,110200,112685,116017,116970,120572,124514,125809,127544,126685,129476,132552,134293,132433,125512,116891,103859,111948,161732,158048,151793,145232,145303,145953,148230,148367,147594,150991,155321,158531,159196,157163,159253,166896,170323,175147,180530,181256,179249,168807,185570,204712
78,69700,69400,68800,78100,70200,71100,72300,71800,73600,73000,74800,74100,75900,75100,76800,77800,80100,88300,91700,96100,100086,102195,105234,106471,109965,113419,115545,117017,116376,119165,122225,123753,122234,116257,108334,96199,104951,150434,147510,141519,136230,136242,136965,139499,139816,139570,143167,147670,150985,152185,150085,152591,159936,163634,168014,173197,173997,172046,162379,177728
79,61800,62000,61100,61400,71600,59800,63700,64500,64500,66000,65400,66800,66000,68000,67000,68600,69800,71700,78900,82200,86686,90066,92090,95067,96257,99177,103550,105319,106810,106148,108863,112081,113668,112302,106867,99646,88775,98315,138666,136997,131977,126959,127002,127982,130563,131501,131641,135242,139686,143291,144716,143232,145477,152992,156098,160674,165480,166392,164663,154368
80,54300,54400,53900,54300,54200,61200,55000,56400,57600,57300,58500,57900,58900,58600,60300,59000,60900,61800,63500,70200,73982,77125,80730,82969,85538,86593,90007,93150,95122,96322,96000,98826,102136,103036,102481,97237,91157,81591,91498,126970,126947,121847,117548,117695,119192,121930,123013,123397,127093,131885,135438,137073,135686,138252,145013,148374,152568,157065,158350,155661
81,47000,47200,46800,47500,47600,46600,56000,47900,49500,50500,50500,51500,50600,51600,51400,52800,52000,53300,54300,55900,62685,65426,68170,71719,73601,75973,77047,80212,83357,84885,86419,86460,89293,91604,93184,92547,87881,82863,74417,84821,116052,116146,111865,108018,108627,110367,113320,114524,114936,118886,123733,127378,129033,128138,130225,136877,140113,143896,148761,148832
82,40400,40200,40000,40600,41300,40600,40600,52100,41500,42900,44100,43900,44700,43900,44700,44400,46100,45400,46400,47400,49088,54643,57244,59852,63038,64628,67174,68171,71311,73765,75507,77037,77191,79598,82025,83278,83151,79316,74643,67263,78615,104892,105378,101965,98925,99712,101577,104481,105755,106689,110662,115420,118670,120922,119702,122069,128259,131207,135371,138619
83,34600,34000,33200,33900,34700,34700,34800,34200,48000,35600,37000,37900,37400,38400,37300,38200,38100,39700,38900,39900,40390,42392,47116,49723,51892,54758,56380,58822,59767,62126,64871,66613,68232,68242,70509,72586,73897,74147,70514,66522,60454,71367,94015,94801,92381,89958,90974,92902,95885,97404,98416,102320,106712,110308,111789,111164,113427,119193,122422,125204
84,28800,28300,27900,27800,28500,29100,29600,28600,28400,43800,30400,31400,32100,31500,32400,31100,32300,32300,33800,33100,33891,34627,36184,40355,42639,44446,47340,48750,50960,51510,53842,56529,58254,59377,59740,61682,63832,65143,65261,61979,59199,53849,64322,83249,84541,83284,81297,82478,84036,87457,88954,89814,93454,98281,101110,102861,102221,104143,110254,111986
85,23982,23923,23461,24002,24298,23950,24168,23798,23911,23856,25778,25915,26273,26829,26841,27109,27513,27989,28016,28571,28477,29026,29749,31413,34225,36546,38596,40620,42501,43472,44668,46781,49420,50495,51882,52731,54293,56312,57255,57178,55580,52519,49918,56420,70498,77231,76500,74983,75244,77244,79565,81592,82978,86932,90397,93889,95841,96707,99822,102753
86,18987,19233,18894,19162,19401,19399,19740,19400,19439,19376,21044,21146,21171,21712,22029,22164,22188,22623,23024,23431,23103,23553,24075,24763,26308,28501,30651,32289,34083,35296,36357,37947,40173,41591,43261,43993,45035,46888,48328,49289,49426,48177,45243,43654,50006,61609,67689,67051,65882,66592,68672,71224,72524,74843,77394,81355,84222,85483,87275,88488
87,14425,14865,14839,15141,15204,15138,15667,15529,15556,15520,16824,17005,16990,17205,17543,17907,17868,17915,18292,18936,18619,18814,19219,19719,20465,21632,23585,25284,26705,27899,29042,30371,32102,33331,35098,36140,37007,38296,39685,41046,42079,42292,40943,39025,38045,43022,53220,58510,58103,57472,58401,60608,62450,64554,65711,68727,71977,73991,76073,76244
88,10710,11113,11286,11697,11831,11662,12016,12083,12210,12214,13272,13370,13402,13562,13679,13987,14170,14237,14271,14798,14841,14943,15115,15511,16048,16579,17650,19194,20601,21547,22610,23863,25280,26172,27666,28868,29908,30952,31844,33153,34521,35417,35348,34785,33537,32280,36633,45295,49948,49958,49618,50747,52365,54723,55778,57405,59838,62267,64812,65358
89,7787,8111,8283,8689,8947,8899,9066,9079,9326,9415,10260,10367,10377,10519,10566,10659,10863,11137,11153,11366,11428,11712,11813,12033,12398,12708,13271,14125,15372,16373,17200,18277,19526,20234,21337,22344,23470,24584,25245,26108,27377,28494,29044,29532,29403,27953,27008,30588,38016,42270,42398,42382,43053,45079,46510,47857,49085,50840,53512,54633
90,5539,5763,5922,6272,6526,6568,6768,6746,6894,7041,7734,7884,7937,8000,8017,8080,8120,8349,8539,8716,8617,8885,9140,9233,9434,9653,9984,10413,11100,12000,12840,13645,14657,15312,16168,16884,17791,18870,19633,20272,21129,22204,22897,23772,24476,23992,22877,22062,25168,31559,35210,35545,35238,36313,37545,39103,40089,40852,42860,44215
91,3857,4036,4133,4444,4681,4724,4927,4952,4999,5109,5675,5809,5899,5958,5973,6029,6019,6108,6271,6525,6488,6592,6805,6996,7082,7201,7451,7714,8046,8468,9235,10028,10738,11293,12004,12542,13181,13995,14752,15441,16079,16809,17495,18329,19255,19524,19233,18302,17710,20475,25786,28898,28938,29123,29528,30825,32018,32620,33723,34599
92,2604,2722,2787,3010,3234,3304,3456,3515,3566,3623,4022,4125,4229,4332,4355,4386,4390,4421,4470,4695,4753,4828,4919,5096,5250,5283,5457,5646,5828,5990,6366,7072,7731,8100,8647,9071,9544,10132,10713,11354,11957,12475,12913,13672,14521,15008,15327,15100,14355,14048,16377,20690,22973,23374,23135,23694,24646,25412,26306,26565
93,1709,1778,1823,1957,2107,2212,2341,2406,2484,2520,2801,2878,2927,3033,3080,3096,3104,3136,3152,3266,3328,3439,3517,3604,3744,3832,3917,4033,4151,4247,4385,4722,5283,5655,6028,6335,6706,7156,7564,8027,8553,9033,9290,9809,10602,11065,11483,11757,11609,11099,10929,12813,16009,18053,18125,18080,18438,19080,19991,20156
94,1074,1147,1171,1257,1350,1418,1537,1578,1659,1713,1896,1962,1981,2042,2109,2144,2138,2169,2201,2238,2246,2340,2431,2517,2581,2661,2773,2822,2900,2954,3021,3154,3430,3787,4126,4309,4570,4918,5210,5523,5906,6296,6584,6895,7410,7906,8289,8603,8822,8726,8362,8336,9687,12311,13629,13744,13704,13885,14550,14829
95,656,698,736,794,853,893,967,996,1049,1118,1243,1277,1312,1344,1379,1435,1452,1456,1473,1518,1499,1530,1603,1689,1761,1792,1872,1952,1995,2014,2041,2123,2243,2400,2685,2871,3026,3261,3482,3688,3954,4223,4460,4760,5064,5390,5777,6030,6239,6425,6425,6208,6108,7234,9016,10054,10115,9994,10252,10435
96,396,404,428,484,519,540,589,610,639,683,793,825,827,851,876,905,936,958,959,996,997,1002,1025,1091,1165,1196,1223,1282,1341,1339,1351,1403,1482,1522,1639,1812,1958,2094,2246,2394,2572,2752,2885,3120,3392,3567,3805,4040,4217,4417,4613,4610,4364,4367,5119,6455,7127,7115,7147,7095
97,217,235,242,273,303,319,345,362,383,404,477,514,511,513,535,556,568,596,618,639,643,656,657,680,725,768,808,819,850,870,871,908,947,963,1008,1067,1191,1322,1403,1495,1602,1732,1848,1970,2152,2312,2431,2551,2737,2924,3064,3188,3140,3025,2982,3525,4415,4830,4927,4818
98,113,132,145,150,164,181,196,210,227,236,269,294,310,317,314,322,338,353,372,399,404,417,425,424,436,463,507,528,529,546,558,572,592,598,632,644,685,787,854,896,959,1032,1132,1235,1307,1412,1518,1571,1679,1842,1966,2042,2099,2108,1983,1970,2339,2909,3238,3221
99,69,67,78,85,87,94,108,120,131,131,145,158,177,189,190,187,196,208,211,230,237,254,273,272,265,272,303,325,329,332,338,353,366,369,386,396,408,439,490,536,568,598,652,737,800,843,904,955,1007,1091,1205,1270,1296,1368,1335,1265,1257,1475,1851,1998
100,40,36,36,45,48,50,57,63,73,74,79,81,91,101,110,114,114,118,121,128,129,143,163,165,162,165,177,191,197,196,199,206,217,220,231,230,237,253,264,299,333,345,356,403,468,507,528,545,591,635,685,755,776,823,846,805,756,743,886,1065
